delta/tao,2*tao = 10 ms,,,2*tao = 500 ms,,,
BER, 0, 0.00001, 0.0001, 0, 0.00001, 0.0001
2.5,954441,840769,205596,23877.1,20889.9,6622.66,
5.0,954441,836202,149755,23877.1,20966.9,6601.9,
7.5,954441,837229,129718,23877.1,20932,6633.28,
10,954441,837376,113725,23877.1,20888.1,6512.12,
12.5,954441,836642,107307,23877.1,20824.3,6467.22,